[{"ID":"BillItem01","Case":3,"Billing_ID":"300000000","Date":"/Date(1673395200000)/","DocumentType":"Invoice","Item":10,"Description":"Registration Fees","Price":50,"Billing_price":40,"Payer":"AIA","___FK_8182d4c7e0ed0ec218793581_00001":"3"},{"ID":"BillItem02","Case":3,"Billing_ID":"300000000","Date":"/Date(1673395200000)/","DocumentType":"Invoice","Item":20,"Description":"Room Charge","Price":1000,"Billing_price":800,"Payer":"AIA","___FK_8182d4c7e0ed0ec218793581_00001":"3"},{"ID":"BillItem03","Case":3,"Billing_ID":"300000000","Date":"/Date(1673395200000)/","DocumentType":"Invoice","Item":30,"Description":"Medication","Price":20,"Billing_price":16,"Payer":"AIA","___FK_8182d4c7e0ed0ec218793581_00001":"3"},{"ID":"BillItem04","Case":3,"Billing_ID":"300000000","Date":"/Date(1673395200000)/","DocumentType":"Invoice","Item":40,"Description":"X Ray","Price":80,"Billing_price":64,"Payer":"AIA","___FK_8182d4c7e0ed0ec218793581_00001":"3"},{"ID":"BillItem05","Case":3,"Billing_ID":"300000000","Date":"/Date(1673395200000)/","DocumentType":"Invoice","Item":50,"Description":"CBC Service","Price":60,"Billing_price":48,"Payer":"AIA","___FK_8182d4c7e0ed0ec218793581_00001":"3"},{"ID":"BillItem06","Case":3,"Billing_ID":"300000000","Date":"/Date(1673395200000)/","DocumentType":"Invoice","Item":60,"Description":"Blood Culture","Price":60,"Billing_price":48,"Payer":"AIA","___FK_8182d4c7e0ed0ec218793581_00001":"3"},{"ID":"BillItem07","Case":3,"Billing_ID":"300000000","Date":"/Date(1673395200000)/","DocumentType":"Invoice","Item":70,"Description":"Peak flow meter","Price":100,"Billing_price":80,"Payer":"AIA","___FK_8182d4c7e0ed0ec218793581_00001":"3"},{"ID":"BillItem08","Case":3,"Billing_ID":"300000000","Date":"/Date(1673395200000)/","DocumentType":"Invoice","Item":80,"Description":"Physio Therapy","Price":80,"Billing_price":64,"Payer":"AIA","___FK_8182d4c7e0ed0ec218793581_00001":"3"}]