[{"ID":"S1","SID":"S1","CaseID":1,"Description":"Doctor Fees","Qty":1,"UOM":"EA","Dept":"General Medicine","Nursing":"Ward 10","Price":195,"Currency":"SGD","BillStatus":"Not yet bill","Invoice":"","___FK_9668c5b2847848791876c66e_00007":"1","Physician":"Doctor Wings","Date":"/Date(1673395200000)/"},{"ID":"S2","SID":"S1","CaseID":3,"Description":"Physio therapy","Qty":1,"UOM":"EA","Dept":"General Medicine","Nursing":"Ward 10","Price":80,"Currency":"SGD","BillStatus":"Not yet bill","Invoice":"","___FK_9668c5b2847848791876c66e_00007":"3","Physician":"","Date":"/Date(1067344776000)/"}]