[{"ID":"M1","CaseID":1,"Description":"Paracetamol 500mg ","Qty":12,"UOM":"EA","Dept":"General Medinice","Nursing":"Ward 10","Price":2,"Total":24,"Currency":"SGD","BillStatus":"Not yet bill","Invoice":"","___FK_9668c5b2847848791876c66e_00001":"1","Date":"/Date(1673395200000)/"},{"ID":"M2","CaseID":2,"Description":"Paracetamol 500mg ","Qty":12,"UOM":"EA","Dept":"General Medinice","Nursing":"Ward 10","Price":2,"Total":24,"Currency":"SGD","BillStatus":"Not yet bill","Invoice":"","___FK_9668c5b2847848791876c66e_00001":"2","Date":"/Date(1673395200000)/"},{"ID":"M3","CaseID":3,"Description":"Salbutamol","Qty":2,"UOM":"CC","Dept":"General Medinice","Nursing":"Ward 9","Price":10,"Total":20,"Currency":"SGD","BillStatus":"Not yet bill","Invoice":"","___FK_9668c5b2847848791876c66e_00001":"3","Date":"/Date(1673395200000)/"}]