[{"ID":"M1","CaseID":1,"Description":"X Ray","Date":"11.01.2023","Qty":1,"UOM":"EA","Dept":"Radiology","Nursing":"Examination","Price":80,"Currency":"SGD","BillStatus":"Not yet bill","Invoice":"","___FK_a639b5ff574c9f3b1877bdf1_00003":"1"},{"ID":"M2","CaseID":1,"Description":"CBC Service","Date":"11.01.2023","Qty":1,"UOM":"EA","Dept":"Lab","Nursing":"Examination","Price":60,"Currency":"SGD","BillStatus":"Not yet bill","Invoice":"","___FK_a639b5ff574c9f3b1877bdf1_00003":"1"},{"ID":"M3","CaseID":1,"Description":"PCR Test","Date":"11.01.2023","Qty":1,"UOM":"EA","Dept":"General Medinice","Nursing":"Ward 9","Price":50,"Currency":"SGD","BillStatus":"Not yet bill","Invoice":"","___FK_a639b5ff574c9f3b1877bdf1_00003":"1"},{"ID":"M4","CaseID":2,"Description":"Urinalysis","Date":"11.01.2023","Qty":1,"UOM":"EA","Dept":"General Medinice","Nursing":"Ward 9","Price":100,"Currency":"SGD","BillStatus":"Not yet bill","Invoice":"","___FK_a639b5ff574c9f3b1877bdf1_00003":"2"},{"ID":"M5","CaseID":2,"Description":"CBC Service","Date":"11.01.2023","Qty":1,"UOM":"EA","Dept":"Radiology","Nursing":"Examination","Price":80,"Currency":"SGD","BillStatus":"Not yet bill","Invoice":"","___FK_a639b5ff574c9f3b1877bdf1_00003":"2"},{"ID":"M6","CaseID":2,"Description":"X Ray","Date":"11.01.2023","Qty":1,"UOM":"EA","Dept":"Lab","Nursing":"Examination","Price":60,"Currency":"SGD","BillStatus":"Not yet bill","Invoice":"","___FK_a639b5ff574c9f3b1877bdf1_00003":"2"},{"ID":"M7","CaseID":3,"Description":"X Ray","Date":"11.01.2023","Qty":1,"UOM":"EA","Dept":"Radiology","Nursing":"Examination","Price":80,"Currency":"SGD","BillStatus":"Not yet bill","Invoice":"","___FK_a639b5ff574c9f3b1877bdf1_00003":"3"},{"ID":"M8","CaseID":3,"Description":"CBC Service","Date":"11.01.2023","Qty":1,"UOM":"EA","Dept":"Lab","Nursing":"Examination","Price":60,"Currency":"SGD","BillStatus":"Not yet bill","Invoice":"","___FK_a639b5ff574c9f3b1877bdf1_00003":"3"},{"ID":"M9","CaseID":3,"Description":"Blood Culture","Date":"11.01.2023","Qty":1,"UOM":"EA","Dept":"Lab","Nursing":"Examination","Price":60,"Currency":"SGD","BillStatus":"Not yet bill","Invoice":"","___FK_a639b5ff574c9f3b1877bdf1_00003":"3"},{"ID":"M10","CaseID":3,"Description":"Peak flow meter","Date":"11.01.2023","Qty":1,"UOM":"EA","Dept":"General Medinice","Nursing":"Ward 9","Price":100,"Currency":"SGD","BillStatus":"Not yet bill","Invoice":"","___FK_a639b5ff574c9f3b1877bdf1_00003":"3"}]