[{"ID":"IN1","Case":1,"Name":"AIA","Coverage_Max_Fix":0,"Coverage_Max_Percentage":80,"Discount_Fix":0,"Discount_Percentage":0,"Surcharge_Fix":0,"Surcharge_Percentage":0,"Remark":"20% copayment","Verification_Indicator":"X","Control_No":"R20230111A01001"},{"ID":"IN2","Case":2,"Name":"AIA","Coverage_Max_Fix":0,"Coverage_Max_Percentage":80,"Discount_Fix":0,"Discount_Percentage":0,"Surcharge_Fix":0,"Surcharge_Percentage":0,"Remark":"20% copayment","Verification_Indicator":"X","Control_No":"R20230111A01002"},{"ID":"IN3","Case":3,"Name":"AIX","Coverage_Max_Fix":0,"Coverage_Max_Percentage":100,"Discount_Fix":0,"Discount_Percentage":0,"Surcharge_Fix":0,"Surcharge_Percentage":0,"Remark":"Fully Cover","Verification_Indicator":"X","Control_No":"R20230111A01003"}]