[{"ID":"INV1","Case":"3","InoviceNO":"10000001","Date":"/Date(1673395200000)/","DocumentType":"Invoice","Item":10,"Description":"Registration Fees","Price":50,"Billing_price":40,"Payer":"AIA","___FK_f2f071f5010dbbcf18790e57_00001":"3","BillingID":"300000000"},{"ID":"IV02","Case":"3","InoviceNO":"10000001","Date":"/Date(1673395200000)/","DocumentType":"Invoice","Item":20,"Description":"Room Charge","Price":1000,"Billing_price":800,"Payer":"AIA","___FK_f2f071f5010dbbcf18790e57_00001":"3","BillingID":"300000000"},{"ID":"IV03","Case":"3","InoviceNO":"10000001","Date":"/Date(1673395200000)/","DocumentType":"Invoice","Item":30,"Description":"Medication","Price":20,"Billing_price":16,"Payer":"AIA","___FK_f2f071f5010dbbcf18790e57_00001":"3","BillingID":"300000000"},{"ID":"IV04","Case":"3","InoviceNO":"10000001","Date":"/Date(1673395200000)/","DocumentType":"Invoice","Item":40,"Description":"X Ray","Price":80,"Billing_price":64,"Payer":"AIA","___FK_f2f071f5010dbbcf18790e57_00001":"3","BillingID":"300000000"},{"ID":"IV05","Case":"3","InoviceNO":"10000001","Date":"/Date(1673395200000)/","DocumentType":"Invoice","Item":50,"Description":"CBC Service","Price":60,"Billing_price":48,"Payer":"AIA","___FK_f2f071f5010dbbcf18790e57_00001":"3","BillingID":"300000000"},{"ID":"IV06","Case":"3","InoviceNO":"10000001","Date":"/Date(1673395200000)/","DocumentType":"Invoice","Item":60,"Description":"Blood Culture","Price":60,"Billing_price":48,"Payer":"AIA","___FK_f2f071f5010dbbcf18790e57_00001":"3","BillingID":"300000000"},{"ID":"IV07","Case":"3","InoviceNO":"10000001","Date":"/Date(1673395200000)/","DocumentType":"Invoice","Item":70,"Description":"Peak flow meter","Price":100,"Billing_price":80,"Payer":"AIA","___FK_f2f071f5010dbbcf18790e57_00001":"3","BillingID":"300000000"},{"ID":"IV08","Case":"3","InoviceNO":"10000001","Date":"/Date(1673395200000)/","DocumentType":"Invoice","Item":80,"Description":"Physio Therapy","Price":80,"Billing_price":64,"Payer":"AIA","___FK_f2f071f5010dbbcf18790e57_00001":"3","BillingID":"300000000"},{"ID":"IV09","Case":"3","InoviceNO":"10000002","Date":"/Date(1673395200000)/","DocumentType":"Invoice","Item":10,"Description":"Registration Fees","Price":50,"Billing_price":10,"Payer":"Robin Martin  Francis","___FK_f2f071f5010dbbcf18790e57_00001":"3","BillingID":"300000000"},{"ID":"IV10","Case":"3","InoviceNO":"10000002","Date":"/Date(1673395200000)/","DocumentType":"Invoice","Item":20,"Description":"Room Charge","Price":1000,"Billing_price":200,"Payer":"Robin Martin  Francis","___FK_f2f071f5010dbbcf18790e57_00001":"3","BillingID":"300000000"},{"ID":"IV11","Case":"3","InoviceNO":"10000002","Date":"/Date(1673395200000)/","DocumentType":"Invoice","Item":30,"Description":"Medication","Price":20,"Billing_price":4,"Payer":"Robin Martin  Francis","___FK_f2f071f5010dbbcf18790e57_00001":"3","BillingID":"300000000"},{"ID":"IV12","Case":"3","InoviceNO":"10000002","Date":"/Date(1673395200000)/","DocumentType":"Invoice","Item":40,"Description":"X Ray","Price":80,"Billing_price":16,"Payer":"Robin Martin  Francis","___FK_f2f071f5010dbbcf18790e57_00001":"3","BillingID":"300000000"},{"ID":"IV13","Case":"3","InoviceNO":"10000002","Date":"/Date(1673395200000)/","DocumentType":"Invoice","Item":50,"Description":"CBC Service","Price":60,"Billing_price":12,"Payer":"Robin Martin  Francis","___FK_f2f071f5010dbbcf18790e57_00001":"3","BillingID":"300000000"},{"ID":"IV14","Case":"3","InoviceNO":"10000002","Date":"/Date(1673395200000)/","DocumentType":"Invoice","Item":60,"Description":"Blood Culture","Price":60,"Billing_price":12,"Payer":"Robin Martin  Francis","___FK_f2f071f5010dbbcf18790e57_00001":"3","BillingID":"300000000"},{"ID":"IV15","Case":"3","InoviceNO":"10000002","Date":"/Date(1673395200000)/","DocumentType":"Invoice","Item":70,"Description":"Peak flow meter","Price":100,"Billing_price":20,"Payer":"Robin Martin  Francis","___FK_f2f071f5010dbbcf18790e57_00001":"3","BillingID":"300000000"},{"ID":"IV16","Case":"3","InoviceNO":"10000002","Date":"/Date(1673395200000)/","DocumentType":"Invoice","Item":80,"Description":"Physio Therapy","Price":80,"Billing_price":16,"Payer":"Robin Martin  Francis","___FK_f2f071f5010dbbcf18790e57_00001":"3","BillingID":"300000000"}]