[{"ID":"MV1","Case":1,"Movement":"ER Registration","Date":"11.05.2023","Dept_OU":"ER","Nursing_OU":"ER","___FK_095e81f730483d8f1877e29e_00001":"1"},{"ID":"MV2","Case":1,"Movement":"Visit ","Date":"11.05.2023","Dept_OU":"Radiology","Nursing_OU":"X-Ray","___FK_095e81f730483d8f1877e29e_00001":"1"},{"ID":"MV3","Case":2,"Movement":"OP Registration","Date":"11.05.2023","Dept_OU":"General Medicine","Nursing_OU":"GP Clinic","___FK_095e81f730483d8f1877e29e_00001":"2"},{"ID":"MV4","Case":2,"Movement":"Visit ","Date":"11.05.2023","Dept_OU":"Diagnostic Ultrasound","Nursing_OU":"Ultrasound Clinic","___FK_095e81f730483d8f1877e29e_00001":"2"},{"ID":"MV5","Case":3,"Movement":"IP Registration","Date":"11.05.2023","Dept_OU":"Respiratory","Nursing_OU":"Isolation Ward","___FK_095e81f730483d8f1877e29e_00001":"3"},{"ID":"MV6","Case":3,"Movement":"Visit ","Date":"11.05.2023","Dept_OU":"Radiology","Nursing_OU":"X-Ray","___FK_095e81f730483d8f1877e29e_00001":"3"}]