[{"ID":"R1","Case_ID":2,"Room":"Single","Bed_Type":"","Acc_Cat":"VIP","Day":1,"From":"11.01.2023","To":"12.01.2022","Dept_OU":"General Medicine","NUR_OU":"Ward 11","Net_Price":1000,"StatusSummary":"Not Bill","InvoiceNo":"","___FK_37f5c49eb3b7a45d1877bb78_00003":"3"},{"ID":"R2","Case_ID":4,"Room":"4 Beds Room","Bed_Type":"","Acc_Cat":"VIP","Day":1,"From":"11.01.2023","To":"12.01.2022","Dept_OU":"CARDIO","NUR_OU":"WARD 10","Net_Price":1200,"StatusSummary":"Bill","InvoiceNo":"","___FK_37f5c49eb3b7a45d1877bb78_00003":""}]