[{"ID":"SC01","SID":"S1","Description":"Base Price","Rate":200,"Value":200,"Remark":"","___FK_73d087060bba5e9618782033_00001":"S1"},{"ID":"SC02","SID":"S1","Description":"Header Discount Fix","Rate":0,"Value":0,"Remark":"","___FK_73d087060bba5e9618782033_00001":"S1"},{"ID":"SC03","SID":"S1","Description":"Header Discount %","Rate":0,"Value":0,"Remark":"","___FK_73d087060bba5e9618782033_00001":"S1"},{"ID":"SC04","SID":"S1","Description":"Item Discount Fix","Rate":0,"Value":0,"Remark":"","___FK_73d087060bba5e9618782033_00001":"S1"},{"ID":"SC05","SID":"S1","Description":"Item Discount %","Rate":0,"Value":0,"Remark":"","___FK_73d087060bba5e9618782033_00001":"S1"},{"ID":"SC06","SID":"S1","Description":"Surg Charge Fix","Rate":0,"Value":0,"Remark":"","___FK_73d087060bba5e9618782033_00001":"S1"},{"ID":"SC07","SID":"S1","Description":"Surg Charge %","Rate":0,"Value":0,"Remark":"","___FK_73d087060bba5e9618782033_00001":"S1"},{"ID":"SC08","SID":"S1","Description":"Net Price","Rate":200,"Value":200,"Remark":"","___FK_73d087060bba5e9618782033_00001":"S1"}]